scenario_id,time_years,short_rate,bill_6m_price,bill_1y_price,note_2y_price,note_3y_price,note_5y_price,note_7y_price
1,0.0,0.045000000000,97.801169032640,95.696152572390,99.774871248443,99.840516223055,100.122101286160,100.478370241525
1,0.5,0.045794167803,97.766407157699,95.635024648874,99.673328998475,99.715613148147,99.974154757940,100.321562223976
1,1.0,0.047908241705,97.673931291779,95.472492428402,99.403533440561,99.383897137375,99.581415172612,99.905368168455
1,1.5,0.046690706382,97.727179212616,95.566064059769,99.558823381954,99.574801069930,99.807407355535,100.144844333495
1,2.0,0.074151835270,96.533215158409,93.477707119566,96.115291357871,95.358506550400,94.835999296567,94.884641557378
1,2.5,0.072157174421,96.619446233220,93.627847422968,96.361301193941,95.658535213152,95.188373791695,95.256938380946
1,3.0,0.055437214189,97.345301591429,94.895897448354,98.448687961308,98.211648193289,98.195560371682,98.437558860204
1,3.5,0.071432381770,96.650798781275,93.682463070931,96.450850804067,95.767793871965,95.316748098069,95.392591688011
1,4.0,0.071247856171,96.658782478750,93.696372804071,96.473662778021,95.795630451246,95.349459449779,95.427159613310
1,4.5,0.054461400277,97.387832133643,94.970431816776,98.571917573308,98.362782186380,98.374054186041,98.626537086052
1,5.0,0.054859070733,97.370497549175,94.940049988996,98.521679337647,98.301162405626,98.301272923224,98.549478232858
1,5.5,0.049575656617,97.601055322201,95.344494692164,99.191261758283,99.123059394496,99.272771701380,99.578363273233
1,6.0,0.041965517738,97.934106593570,95.930079914841,100.163825831994,100.319236488133,100.689473907284,101.079858509290
1,6.5,0.049618024166,97.599204316291,95.341244618538,99.185874105861,99.116440836164,99.264942160771,99.570068759865
2,0.0,0.045000000000,97.801169032640,95.696152572390,99.774871248443,99.840516223055,100.122101286160,100.478370241525
2,0.5,0.067279958525,96.830617465038,93.995977283680,96.965518554995,96.396207702413,96.055659282579,96.173617939940
2,1.0,0.061606035952,97.076864952239,94.426063964808,97.673267737234,97.261685598327,97.074850292042,97.251504188304
2,1.5,0.068425268392,96.780986988521,93.909400027365,96.823287120983,96.222461496703,95.851268517909,95.957540646375
2,2.0,0.065345927630,96.914483899397,94.142357455922,97.206178698743,96.690331402390,96.401822228035,96.539637985025
2,2.5,0.069431444850,96.737406663685,93.833406068176,96.698508493384,96.070085706590,95.672076364943,95.768126038359
2,3.0,0.090126097179,95.845403046216,92.283959387986,94.167929546473,92.990084730006,92.061958056211,91.956753241732
2,3.5,0.063680123751,96.986777282829,94.268619159018,97.413947078626,96.944397198346,96.701004540189,96.856047502948
2,4.0,0.071989900559,96.626681140161,93.640449263514,96.381960742141,95.683739573216,95.217985324264,95.288227931864
2,4.5,0.059790191637,97.155804554532,94.564121279749,97.900874531352,97.540337910016,97.403368467325,97.599090322638
2,5.0,0.058152933689,97.227035560741,94.688773843392,98.106556974579,97.792282933724,97.700556993882,97.913590449144
2,5.5,0.056536112600,97.297428685237,94.812031697630,98.310101536047,98.041734307209,97.994950661011,98.225190894556
2,6.0,0.048097601806,97.665652388595,95.457947710935,99.379403652186,99.354239891328,99.546314475258,99.868176160251
2,6.5,0.059140581852,97.184060413849,94.613559642941,97.982430200954,97.640222058199,97.521171679144,97.723748671649
3,0.0,0.045000000000,97.801169032640,95.696152572390,99.774871248443,99.840516223055,100.122101286160,100.478370241525
3,0.5,0.057013417729,97.276642483705,94.775627807123,98.249968264460,97.968025823893,97.907947357088,98.133096406751
3,1.0,0.033015286665,98.327260463312,96.623386541099,101.320017949224,101.744899558591,102.382261642550,102.875667309044
3,1.5,0.032283181235,98.359489163891,96.680318408853,101.415187308633,101.862424880446,102.522014308687,103.024007243160
3,2.0,0.037766032928,98.118379849551,96.254760535483,100.704642769241,100.985610263557,101.480127116868,101.918400611203
3,2.5,0.039048073139,98.062087228881,96.155524014873,100.539226562961,100.781699173825,101.238078361773,101.661648420752
3,3.0,0.032209447173,98.362735665725,96.686054165876,101.424777314920,101.874269120001,102.536100367115,103.038959526867
3,3.5,0.040715154438,97.988936283749,96.026636329608,100.324541582589,100.517174060677,100.924220764513,101.328781554563
3,4.0,0.054543733832,97.384242933911,94.964140775576,98.561514136834,98.350021216041,98.358981033266,98.610577747437
3,4.5,0.042615621840,97.905610997532,95.879915497802,100.080367590278,100.216479418252,100.567643200512,100.950684603699
3,5.0,0.063385568194,96.999566160863,94.290962981109,97.450732470307,96.989393134352,96.754006656380,96.912107809898
3,5.5,0.044941226988,97.803742103636,95.700677944819,99.782390124509,99.849766109248,100.133059121588,100.489984980858
3,6.0,0.038534945930,98.084614060845,96.195230420128,100.605400138383,100.863262674434,101.334885338300,101.764331483198
3,6.5,0.021908940696,98.817320417557,97.490681771700,102.773547596878,103.542757676913,104.523561283381,105.149899849922
4,0.0,0.045000000000,97.801169032640,95.696152572390,99.774871248443,99.840516223055,100.122101286160,100.478370241525
4,0.5,0.049580195220,97.600857032412,95.344146524305,99.190684594457,99.122350363097,99.271932935291,99.577474693436
4,1.0,0.037875922820,98.113553469701,96.246250479809,100.690453349997,100.968115587382,101.459356666805,101.896366965042
4,1.5,0.019947805974,98.904107523733,97.644633600389,103.032393612384,103.863566946146,104.906418816763,105.556829479208
4,2.0,0.015036936205,99.121765329534,98.031211220605,103.683468682603,104.671355161152,105.871460815450,106.582953524253
4,2.5,0.016528519861,99.055605293993,97.913634039160,103.485277703702,104.425330175776,105.577387641792,106.270205797280
4,3.0,0.036173331981,98.188358166737,96.378186459143,100.910526141247,101.239518427470,101.781656786562,102.238299635306
4,3.5,0.031408269175,98.398018344904,96.748399573507,101.529039417682,102.003056529064,102.689284570950,103.201571987430
4,4.0,0.020031250683,98.900413249896,97.638078124287,103.021366488274,103.849896159821,104.890099241834,105.539481945367
4,4.5,0.030140538115,98.453873180730,96.847132966725,101.694238651248,102.207180311031,102.932153513611,103.459419743484
4,5.0,0.023513612576,98.746364697761,97.364893353338,102.562240207302,103.281011067957,104.211360697991,104.818137634410
4,5.5,0.036023239223,98.194955347590,96.389826013315,100.929950116652,101.263479719437,101.810119715511,102.268499556780
4,6.0,0.041905791330,97.936724958827,95.934689939726,100.171496847355,100.328682377890,100.700674349064,101.091734526983
4,6.5,0.046004271648,97.757212675054,95.618859269493,99.646482643506,99.682595631399,99.935051834433,100.280119553380
5,0.0,0.045000000000,97.801169032640,95.696152572390,99.774871248443,99.840516223055,100.122101286160,100.478370241525
5,0.5,0.047475364410,97.692859504845,95.505749984536,99.458716438018,99.451727519978,99.661703162700,99.990442773697
5,1.0,0.034813028797,98.248165165396,96.483728085785,101.086705653119,101.456892942268,102.039917644479,102.512340265424
5,1.5,0.023761442368,98.735410650692,97.345480729451,102.529644570570,103.240646376646,104.163229042382,104.766995622095
5,2.0,0.024036325815,98.723262256649,97.323953507323,102.493502990072,103.195894188877,104.109869928474,104.710300905028
5,2.5,0.013775929242,99.177732474850,98.130722846167,103.851322032138,104.879808996805,106.120730565100,106.848094587840
5,3.0,0.027961409676,98.549957282118,97.017083295692,101.978839241059,102.559026140907,103.351005337959,103.904191981766
5,3.5,0.035412072723,98.221823152770,96.437235925958,101.009082198237,101.361108015617,101.926103093970,102.391566364126
5,4.0,0.025520257079,98.657706156135,97.207823106556,102.298618885804,102.954645091930,103.822300381051,104.404785538396
5,4.5,0.037690152851,98.121712651968,96.260637253723,100.714441887833,100.997692316830,101.494471871075,101.933617932085
5,5.0,0.035372782395,98.223550666548,96.440284585297,101.014171545634,101.367387569483,101.933564009664,102.399483233910
5,5.5,0.038411628866,98.090028582729,96.204775287404,100.621309845403,100.882874411876,101.358164601370,101.789024674542
5,6.0,0.039581210508,98.038687409789,96.114286559867,100.470519138921,100.697026195945,101.137596888526,101.555074213023
5,6.5,0.027605512648,98.565658721241,97.044868039095,102.025396997183,102.616607043068,103.419578666215,103.977019516039
6,0.0,0.045000000000,97.801169032640,95.696152572390,99.774871248443,99.840516223055,100.122101286160,100.478370241525
6,0.5,0.036423491914,98.177363615736,96.358789911801,100.878160570262,101.199594930986,101.734235723892,102.187985786125
6,1.0,0.028625741736,98.520655020419,96.965240430290,101.891990164464,102.451631338920,103.223128445269,103.768389709551
6,1.5,0.033286003133,98.315345674066,96.602342881507,101.284849323178,101.701476290773,102.330633753170,102.820870234348
6,2.0,0.021417429938,98.839064342571,97.529243247409,102.838359165113,103.623065782383,104.619380289804,105.251734859607
6,2.5,0.035711918240,98.208640571110,96.413973148653,100.970251215118,101.313198436085,101.869183325454,102.331169268864
6,3.0,0.033888727396,98.288823723344,96.555507650312,101.206594139410,101.604866376267,102.215785230666,102.698977822804
6,3.5,0.035289174191,98.227226846094,96.446772328018,101.025002332259,101.380751522116,101.949442399216,102.416332107863
6,4.0,0.043169710522,97.881330528724,95.837180690162,100.009291085378,100.128983481605,100.463925518596,100.840723049161
6,4.5,0.051131988317,97.533083412771,95.225179008068,98.993545854877,98.880228413239,98.985577063128,99.274139363098
6,5.0,0.041224825732,97.966582978973,95.987266414329,100.258999353813,100.436443011207,100.828465775058,101.227239686308
6,5.5,0.055913717487,97.324540094986,94.859522554578,98.388569964183,98.137933453725,98.108520393297,98.345413964316
6,6.0,0.061436898828,97.084215085084,94.438914819514,97.694445554913,97.287606395752,97.105402007734,97.283826151528
6,6.5,0.052990607144,97.451971302626,95.082884191911,98.757950363033,98.591026727494,98.643718895626,98.912081397546
7,0.0,0.045000000000,97.801169032640,95.696152572390,99.774871248443,99.840516223055,100.122101286160,100.478370241525
7,0.5,0.037494475240,98.130307720487,96.275793640982,100.739716061523,101.028856007973,101.531473371368,101.972870780788
7,1.0,0.045641884463,97.773071862475,95.646743029739,99.692791824424,99.739551224470,100.002506397442,100.351610924514
7,1.5,0.056427297408,97.302168108952,94.820332950281,98.323815831613,98.058546152402,98.014796643965,98.246198911724
7,2.0,0.046467470913,97.736945383649,95.583230392882,99.587322481747,99.609843898674,99.848900229532,100.188816534955
7,2.5,0.066890311326,96.847508108637,94.025450025374,97.013955509667,96.455391014928,96.125297421203,96.247244259880
7,3.0,0.060607090370,97.120283844677,94.501988106781,97.798414052520,97.414879253523,97.255435923581,97.442562498053
7,3.5,0.074074987611,96.536535929530,93.483487065159,96.124757506002,95.370047862844,94.849550238744,94.898957065532
7,4.0,0.061354056135,97.087815354073,94.445209755318,97.704820062954,97.300304869639,97.120369723313,97.299661364397
7,4.5,0.044416142782,97.826733192069,95.741117590942,99.849590015256,99.932444333185,100.231012264430,100.593813722949
7,5.0,0.035410357797,98.221898553857,96.437368990416,101.009304330293,101.361382094397,101.926428732850,102.391911902819
7,5.5,0.032736095242,98.339549765233,96.645093787744,101.356300504260,101.789702013419,102.435533801209,102.932211369576
7,6.0,0.019267900169,98.934213535805,97.698063893551,103.122286947550,103.975024602462,105.039487585130,105.698286359545
7,6.5,0.019323040474,98.931771599283,97.693729612012,103.114993647505,103.965980856195,105.028689264227,105.686806944888
8,0.0,0.045000000000,97.801169032640,95.696152572390,99.774871248443,99.840516223055,100.122101286160,100.478370241525
8,0.5,0.040963646382,97.978037218144,96.007439378889,100.292580830993,100.477805107386,100.877523433304,101.279261365427
8,1.0,0.046705080751,97.726550391934,95.564958807006,99.556988577722,99.572545055706,99.804736192561,100.142013598792
8,1.5,0.044175663805,97.837264495009,95.759643915063,99.880381638000,99.970332746648,100.275905880631,100.641402313952
8,2.0,0.060131366723,97.140967866560,94.538166596775,97.858069031703,97.487920488123,97.341556814386,97.533685467170
8,2.5,0.054579576231,97.382680483133,94.961402216666,98.556985539502,98.344466489623,98.352419955007,98.603630975037
8,3.0,0.050027118398,97.581333107353,95.309868130261,99.133867046739,99.052556277594,99.189374017096,99.490014920963
8,3.5,0.053151277027,97.444962665873,95.070593385256,98.737610796508,98.566066974863,98.614223714502,98.880847009403
8,4.0,0.057345982889,97.262162200342,94.750271444621,98.208092075700,97.916702405806,97.847374229186,98.068981683187
8,4.5,0.074279018071,96.527719536315,93.468142100208,96.099626966316,95.339408818919,94.813576874196,94.860954301752
8,5.0,0.048308347803,97.656439310183,95.441762951793,99.352555675755,99.321243832353,99.507264534355,99.826800559039
8,5.5,0.046011586915,97.756892562771,95.618296482450,99.645548055506,99.681446248538,99.933690655958,100.278676945929
8,6.0,0.057471200715,97.256710625622,94.740725995294,98.192329488998,97.897385157411,97.824577147346,98.044852331121
8,6.5,0.051412701082,97.520828481119,95.203674151529,98.957926702328,98.836494028055,98.933867242070,99.219369157653
9,0.0,0.045000000000,97.801169032640,95.696152572390,99.774871248443,99.840516223055,100.122101286160,100.478370241525
9,0.5,0.041064624917,97.973608561098,95.999639498460,100.279596033041,100.461811417513,100.858553596082,101.259145202601
9,1.0,0.045039525374,97.799438657555,95.693109339481,99.769815060028,99.834296083498,100.114732737212,100.470560004359
9,1.5,0.040027885085,98.019086809643,96.079750500871,100.412991109537,100.626141084368,101.053490115326,101.465872600190
9,2.0,0.035680067644,98.210040785161,96.416443932488,100.974375254715,101.318286456475,101.875227983888,102.337583107356
9,2.5,0.028867678030,98.509985894012,96.946367190106,101.860380095373,102.412548800743,103.176598643520,103.718978716448
9,3.0,0.024144224788,98.718494101420,97.315504808335,102.479319996140,103.178333182934,104.088932746747,104.688055379770
9,3.5,0.022069750773,98.810207385492,97.478068727814,102.752351846360,103.516496637013,104.492231259270,105.116604014915
9,4.0,0.019072126821,98.942884016335,97.713454132544,103.148185724146,104.007140521865,105.077835781575,105.739053919134
9,4.5,0.028297350407,98.535138568227,96.990863831110,101.934911866241,102.504704196291,103.286319979568,103.835496348836
9,5.0,0.025538855630,98.656884798356,97.206368489395,102.296178727737,102.951625095032,103.818701366946,104.400962257120
9,5.5,0.032316125939,98.358038647183,96.677755757292,101.410902748300,101.857133275604,102.515721238084,103.017327219651
9,6.0,0.036098820672,98.191633183264,96.383964566324,100.920168410613,101.251412930664,101.795785760787,102.253290786222
9,6.5,0.039788544248,98.029588876684,96.098254351885,100.443812100833,100.664116998905,101.098547956841,101.513659291112
10,0.0,0.045000000000,97.801169032640,95.696152572390,99.774871248443,99.840516223055,100.122101286160,100.478370241525
10,0.5,0.035908267075,98.200009136083,96.398742947549,100.944831584436,101.281838153692,101.831928057172,102.291639136458
10,1.0,0.033397328023,98.310446455335,96.593690570538,101.270390755516,101.683625117165,102.309410927758,102.798345136232
10,1.5,0.031781494130,98.381580502515,96.719351262086,101.480455917503,101.943040895542,102.617895215458,103.125786865658
10,2.0,0.024986908113,98.681263069183,97.249546295595,102.368620163771,103.041287697462,103.925563522483,104.514486842771
10,2.5,0.027590070062,98.566340072763,97.046073815949,102.027417653385,102.619106258745,103.422555161735,103.980180737063
10,3.0,0.016964959753,99.036255108262,97.879257433329,103.427359256201,104.353454333849,105.491500020769,106.178874165432
10,3.5,0.036115496360,98.190900222597,96.382671391473,100.918010382392,101.248750808127,101.792623510666,102.249935558503
10,4.0,0.024156747080,98.717940744725,97.314524336130,102.477674107504,103.176295325267,104.086503147429,104.685473975063
10,4.5,0.022115068908,98.808202943493,97.474514521314,102.746379438850,103.509097199007,104.483403838883,105.107222826637
10,5.0,0.030994615311,98.416239995327,96.780604683160,101.582913154582,102.069615319967,102.768466648569,103.285633457860
10,5.5,0.034681244335,98.253961127418,96.493958964678,101.103790243705,101.477977171937,102.064973371324,102.538929173707
10,6.0,0.026954334484,98.594393828284,97.095725867404,102.110638580205,102.722047050448,103.545166994742,104.110406899124
10,6.5,0.034821232658,98.247804365817,96.483091227820,101.085642197917,101.455580552055,102.038358081455,102.510685284681
11,0.0,0.045000000000,97.801169032640,95.696152572390,99.774871248443,99.840516223055,100.122101286160,100.478370241525
11,0.5,0.036158356174,98.189016393813,96.379347755933,100.912464037424,101.241908953982,101.784496365372,102.241312480295
11,1.0,0.021949864422,98.815510210177,97.487471788469,102.768153179842,103.536073996515,104.515587352398,105.141425534153
11,1.5,0.026548130026,98.612323009433,97.127464440913,102.163848735986,102.787876361918,103.623588215183,104.193703142079
11,2.0,0.022761817249,98.779601396507,97.423805521148,102.661183757678,103.403556370420,104.357508553858,104.973435104578
11,2.5,0.013547591822,99.187870130221,98.148752758533,103.881745561549,104.917600077413,106.165931587974,106.896177728272
11,3.0,0.031991623221,98.372327053928,96.703000632523,101.453113317529,101.909267376654,102.577724780934,103.083144381973
11,3.5,0.053214341616,97.442211841265,95.065769550815,98.729628465937,98.556271774759,98.602649028321,98.868589969485
11,4.0,0.055176093868,97.356680618004,94.915836539769,98.481647962678,98.252067274192,98.243291303329,98.488091355539
11,4.5,0.047496945829,97.691915737857,95.504091630024,99.455964514027,99.448344668311,99.657698770279,99.986199547219
11,5.0,0.054925871196,97.367585997982,94.934947419950,98.513242890971,98.290815410689,98.289052597296,98.536540022662
11,5.5,0.049911910707,97.586365603854,95.318703222817,99.148510299106,99.070542976607,99.210649272045,99.512552687469
11,6.0,0.034565136306,98.259067913538,96.502973727321,101.118844958017,101.496557025633,102.087053828536,102.562361086048
11,6.5,0.033223781647,98.318084042005,96.607179151559,101.292931387660,101.711455024665,102.342497542456,102.833462133476
12,0.0,0.045000000000,97.801169032640,95.696152572390,99.774871248443,99.840516223055,100.122101286160,100.478370241525
12,0.5,0.039652440448,98.035561494473,96.108778359673,100.461343069282,100.685718935963,101.124179799340,101.540844066128
12,1.0,0.034356809761,98.268231417359,96.519150554268,101.145862532847,101.529902574657,102.126683935636,102.604417573339
12,1.5,0.037359015684,98.136258173597,96.286287181744,100.757216093551,101.050435089364,101.557096103583,102.000053038543
12,2.0,0.041314284393,97.962660002293,95.980357782864,100.247499707353,100.422279734349,100.811668273830,101.209427652559
12,2.5,0.044302602679,97.831705315871,95.749864190551,99.864126819803,99.950331200746,100.252205829314,100.616279379391
12,3.0,0.035740605625,98.207379435089,96.411747802588,100.966536896634,101.308615950576,101.863739301944,102.325392769373
12,3.5,0.045817878286,97.765369505469,95.633200228663,99.670298986882,99.711886521789,99.969741156905,100.316884482529
12,4.0,0.048571171513,97.644950793888,95.421582600997,99.319083553846,99.280109728070,99.458586968405,99.775225347687
12,4.5,0.033954186137,98.285943743236,96.550422487074,101.198098938290,101.594379709420,102.203320104224,102.685748692189
12,5.0,0.016928378741,99.037876834526,97.882138308310,103.432212537016,104.359476803804,105.498696094638,106.186526188694
12,5.5,0.026333462000,98.621799411607,97.144241605119,102.191980197006,102.822682727676,103.665056332765,104.237750676900
12,6.0,0.032964779494,98.329483547742,96.627313132922,101.326580676359,101.753003064836,102.391896742559,102.885894049377
12,6.5,0.027291619791,98.579509099598,97.069380137059,102.066477711688,102.667419395307,103.480097517896,104.041295353551
13,0.0,0.045000000000,97.801169032640,95.696152572390,99.774871248443,99.840516223055,100.122101286160,100.478370241525
13,0.5,0.037827144590,98.115695787287,96.250027854083,100.696751538903,100.975880791494,101.468575772767,101.906146714957
13,1.0,0.052020038574,97.494319532449,95.157163831324,98.880907123164,98.741939762372,98.822085188941,99.100977432798
13,1.5,0.053846228631,97.414653745307,95.017449783053,98.649684140314,98.458181777327,98.486751431134,98.745864827898
13,2.0,0.046132892562,97.751584443402,95.608964531171,99.630051514176,99.662388539955,99.911121647413,100.254757981072
13,2.5,0.025531941198,98.657190155887,97.206909273678,102.297085904799,102.952747836632,103.820039366868,104.402383631549
13,3.0,0.015064235948,99.120554037123,98.029057993734,103.679837837600,104.666846981836,105.866070986928,106.577220943105
13,3.5,0.020481327772,98.880489763922,97.602727333716,102.961909909665,103.776191425519,104.802121020016,105.445964899498
13,4.0,0.025441349107,98.661191002479,97.213994845164,102.308972386991,102.967459020835,103.837571324116,104.421008158161
13,4.5,0.027580429079,98.566765450680,97.046826603793,102.028679192654,102.620666579060,103.424413466457,103.982154373633
13,5.0,0.032926931482,98.331149469380,96.630255665083,101.331498798223,101.759075932673,102.399117503528,102.893558237760
13,5.5,0.038723635994,98.076329764160,96.180627448526,100.581061287812,100.833261859552,101.299275873913,101.726559858138
13,6.0,0.037970653179,98.109393089276,96.238915007427,100.678223014844,100.953036816661,101.441455047555,101.877376846021
13,6.5,0.049780130184,97.592122352198,95.328810263430,99.165262695481,99.091121177345,99.234990760583,99.538339007878
14,0.0,0.045000000000,97.801169032640,95.696152572390,99.774871248443,99.840516223055,100.122101286160,100.478370241525
14,0.5,0.053092311193,97.447534776426,95.075103925719,98.745074922874,98.575226453566,98.625047390524,98.892308845458
14,1.0,0.054383919743,97.391209894519,94.976352423189,98.581708811537,98.374792523474,98.388241044139,98.641558159997
14,1.5,0.060119137221,97.141499652026,94.539096825469,97.859603077427,97.489798906678,97.343771770902,97.536029138287
14,2.0,0.050276384670,97.570445558896,95.290755103289,99.102192031440,99.013651194423,99.143358382744,99.441269653703
14,2.5,0.056517625826,97.298233856676,94.813441958495,98.312431341418,98.044590289250,97.998322033189,98.228759650953
14,3.0,0.042978094462,97.889726567996,95.851957172166,100.033865120792,100.159232690270,100.499780938225,100.878736199173
14,3.5,0.036634159975,98.168105690911,96.342458457374,100.850912592500,101.165986464351,101.694318463032,102.145634605444
14,4.0,0.043577787418,97.863452226704,95.805719411021,99.956977137747,100.064594009258,100.387609491062,100.759817205800
14,4.5,0.038998624950,98.064257831835,96.159349661914,100.545601548313,100.789556221371,101.247403157196,101.671538959011
14,5.0,0.046178861467,97.749573001219,95.605428416257,99.624179721038,99.655167571514,99.902570466055,100.245695400992
14,5.5,0.027200157417,98.583545201075,97.076523658320,102.078450996999,102.682229966490,103.497738395494,104.060031805388
14,6.0,0.028238511571,98.537733852804,96.995455566074,101.942604206996,102.514216374996,103.297646388083,103.847524765328
14,6.5,0.030896882184,98.420545679080,96.788215282103,101.595646015932,102.085347488789,102.787183988170,103.305504788305
15,0.0,0.045000000000,97.801169032640,95.696152572390,99.774871248443,99.840516223055,100.122101286160,100.478370241525
15,0.5,0.045605037303,97.774684552583,95.649578677444,99.697501715314,99.745344268924,100.009367728500,100.358883037123
15,1.0,0.054281845902,97.395659978460,94.984152868753,98.594609416883,98.390617376695,98.406934201300,98.661350715793
15,1.5,0.058635271271,97.206045421175,94.652034028779,98.045917315913,97.717990842795,97.612908278315,97.820829965476
15,2.0,0.067181034396,96.834905404205,94.003458985916,96.977813470385,96.411229728985,96.073334187841,96.192304777875
15,2.5,0.061754918828,97.070395461667,94.414753452955,97.654629820988,97.238874656215,97.047965335849,97.223061963466
15,3.0,0.049090165979,97.622268543778,95.381745263571,99.253020141627,99.198933765026,99.362535887099,99.673461156488
15,3.5,0.052386857535,97.478312180349,95.129083591425,98.834418341751,98.684875669731,98.754634081598,99.029541924897
15,4.0,0.024811371576,98.689017382676,97.263282204927,102.391669686456,103.069819879093,103.959572692372,104.550617857169
15,4.5,0.018369779790,98.973996068030,97.768687365683,103.241153132757,104.122441250617,105.215530253489,105.885442997459
15,5.0,0.018254879614,98.979086762517,97.777726195086,103.256370170894,104.141316219153,105.238073951082,105.909411323205
15,5.5,0.015252289287,99.112210493216,98.014226849495,103.654830384103,104.635797918470,105.828950991534,106.537740883070
15,6.0,0.015440376056,99.103866168637,97.999395313262,103.629824593687,104.604752722820,105.791837763037,106.498268873008
15,6.5,0.019260908780,98.934523159898,97.698613462658,103.123211722251,103.976171340963,105.040856815096,105.699741957573
16,0.0,0.045000000000,97.801169032640,95.696152572390,99.774871248443,99.840516223055,100.122101286160,100.478370241525
16,0.5,0.039706766152,98.033177486041,96.104577573624,100.454345228111,100.677095976444,101.113948072918,101.529992388802
16,1.0,0.047486237346,97.692384024396,95.504914485238,99.457329981368,99.450023190588,99.659685688818,99.988304970269
16,1.5,0.048152323830,97.663260049444,95.453744934253,99.372431636395,99.345671104807,99.536173306478,99.857430927527
16,2.0,0.035618147096,98.212762989757,96.421247549242,100.982393262699,101.328178790754,101.886980421340,102.350053396901
16,2.5,0.043784010383,97.854418611750,95.789824281686,99.930550658968,100.032070640391,100.349065601665,100.718956638866
16,3.0,0.040637026932,97.992363272391,96.032672770666,100.334592384831,100.529555168063,100.938907302043,101.344356186053
16,3.5,0.026331525342,98.621884908434,97.144392975832,102.192234024596,102.822996792816,103.665430520721,104.238148145191
16,4.0,0.035464235167,98.219529725779,96.433188627703,101.002325903323,101.352771795672,101.916198733946,102.381056780483
16,4.5,0.031637007481,98.387943761849,96.730595705740,101.499261264068,101.966270488873,102.645526141368,103.155118768125
16,5.0,0.026899919494,98.596795425278,97.099976952621,102.117764963780,102.730863026405,103.555668734299,104.121561249774
16,5.5,0.028322197462,98.534042625880,96.988924852365,101.931663643724,102.500687567930,103.281537332904,103.830417299307
16,6.0,0.032446271446,98.352308702197,96.667632864547,101.393978716066,101.836231939045,102.490864828448,102.990942667751
16,6.5,0.044550503910,97.820849604833,95.730768068876,99.832390214599,99.911281580815,100.205938163003,100.567234987664
17,0.0,0.045000000000,97.801169032640,95.696152572390,99.774871248443,99.840516223055,100.122101286160,100.478370241525
17,0.5,0.054593398349,97.382077952626,94.960346150974,98.555239205832,98.342324472837,98.349889887485,98.600952184662
17,1.0,0.060250923746,97.135769223952,94.529073056078,97.843073307015,97.469558795941,97.319905873281,97.510776528488
17,1.5,0.093824407488,95.686862896600,92.009767111183,93.722809993478,92.450363326565,91.431706922047,91.292297416768
17,2.0,0.067560633881,96.818452418757,93.974752848217,96.930643043883,96.353599014467,96.005528842883,96.120618556179
17,2.5,0.068126534402,96.793929775061,93.931974495854,96.860365311394,96.267749335950,95.904537117396,96.013852280080
17,3.0,0.051565642877,97.514152228479,95.191959623235,98.938525647807,98.812674358017,98.905705669071,99.189541615677
17,3.5,0.060020082521,97.145807035944,94.546631690470,97.872029209910,97.505014801379,97.361714054867,97.555014197359
17,4.0,0.065003095617,96.929357888009,94.168329012003,97.248901911484,96.742564053314,96.463317797193,96.604669607992
17,4.5,0.064646013510,96.944852553226,94.195387714917,97.293421171831,96.796998391387,96.527412362729,96.672452383276
17,5.0,0.057316698692,97.263437182637,94.752503939837,98.211778779224,97.921220614978,97.852706480346,98.074625603026
17,5.5,0.056965787945,97.278716517745,94.779259885733,98.255967227670,97.975378578509,97.916625759286,98.142282418363
17,6.0,0.066625443404,96.858991432844,94.045489793735,97.046895172667,96.495642822637,96.172664516650,96.297325945129
17,6.5,0.063011696870,97.015801163106,94.319331011443,97.497443427123,97.046535919905,96.821323810040,96.983311843935
18,0.0,0.045000000000,97.801169032640,95.696152572390,99.774871248443,99.840516223055,100.122101286160,100.478370241525
18,0.5,0.041924985849,97.935883476508,95.933208373133,100.169031517094,100.325646615043,100.697074677982,101.087917726043
18,1.0,0.035973594418,98.197137534136,96.393676231240,100.936375640047,101.271406448282,101.819535936812,102.278490531358
18,1.5,0.029175784561,98.496400404965,96.922337384972,101.820138960417,102.362799076689,103.117373996330,103.656088779335
18,2.0,0.021606501640,98.830699440845,97.514407822575,102.813422905122,103.592165785342,104.582510482299,105.212549498413
18,2.5,0.009905279941,99.349720557278,98.436804208277,104.368266630580,105.522301693210,106.889631347003,107.666193613835
18,3.0,0.027379365178,98.575637178655,97.062527419132,102.054992351488,102.653212764776,103.463176459383,104.023323609432
18,3.5,0.026544153122,98.612498559418,97.127775225546,102.164369823497,102.788521069733,103.624356291793,104.194518985050
18,4.0,0.014116381627,99.162619097446,98.103846295338,103.805977129036,104.823488035804,106.053372269769,106.776443719344
18,4.5,0.023079521303,98.765554408584,97.398905255801,102.619359039282,103.351751416374,104.295721713361,104.907778451940
18,5.0,0.029594499185,98.477940823391,96.889690594702,101.765477341243,102.295229026534,103.036944075816,103.570684779254
18,5.5,0.016654059630,99.050038921775,97.903744542298,103.468614386125,104.404650280007,105.552675141065,106.243926418647
18,6.0,0.022396129293,98.795772421065,97.452474437214,102.709346770344,103.463218358413,104.428673799458,105.049060513785
18,6.5,0.022304662045,98.799817592445,97.459646533240,102.721397060744,103.478146722894,104.446481708213,105.067985000191
19,0.0,0.045000000000,97.801169032640,95.696152572390,99.774871248443,99.840516223055,100.122101286160,100.478370241525
19,0.5,0.039915730091,98.024007932784,96.088420952318,100.427432617641,100.643934759869,101.074601627500,101.488262531009
19,1.0,0.044154236275,97.838202926484,95.761294850228,99.883125747421,99.973709449218,100.279907063523,100.645643752452
19,1.5,0.043950716972,97.847116624548,95.776976899256,99.909193184826,100.005787265079,100.317918593727,100.685938247662
19,2.0,0.049125104739,97.620741761734,95.379064007609,99.248574345267,99.193471422684,99.356073144286,99.666614227449
19,2.5,0.044450920517,97.825210263528,95.738438636415,99.845137769381,99.926966175281,100.224521521634,100.586933447741
19,3.0,0.039210428586,98.054960729032,96.142964167192,100.518298166785,100.755906168390,101.207468047829,101.629181348488
19,3.5,0.037811912916,98.116364765011,96.251207421542,100.698718316774,100.978305708027,101.471454741752,101.909200774654
19,4.0,0.023829564068,98.732399892645,97.340145402928,102.520686750526,103.229554032851,104.150002953586,104.752942572779
19,4.5,0.037384203804,98.135151685207,96.284335866556,100.753961805122,101.046422196743,101.552331164380,101.994998049753
19,5.0,0.032638771976,98.343834050801,96.652661857409,101.368951322907,101.805324415288,102.454110620661,102.951929577105
19,5.5,0.031560235086,98.391325021313,96.736570927077,101.509254844235,101.978615633778,102.660210830513,103.170707653431
19,6.0,0.018156209254,98.983458597972,97.785488943609,103.269439592627,104.157527853418,105.257437276587,105.929998548668
19,6.5,0.020764861802,98.867940671902,97.580464048888,102.924472024145,103.729787192126,104.746736486148,105.387096014274
20,0.0,0.045000000000,97.801169032640,95.696152572390,99.774871248443,99.840516223055,100.122101286160,100.478370241525
20,0.5,0.064316173987,96.959167296832,94.220388957529,97.334562300377,96.847307564486,96.586655913816,96.735107460576
20,1.0,0.068517295514,96.777000220164,93.902446895608,96.811867818788,96.208514635260,95.834864878796,95.940200316338
20,1.5,0.057305269287,97.263934803330,94.753375280478,98.213217710371,97.922984096273,97.854787699570,98.076828474096
20,2.0,0.042796555169,97.897681737995,95.865958685431,100.057152489908,100.187899737301,100.533762910518,100.914763930388
20,2.5,0.049272348089,97.614307665601,95.367765146869,99.229840522358,99.170454696008,99.328841779923,99.637764359763
20,3.0,0.054228292239,97.397994823473,94.988245676338,98.601378482027,98.398921020554,98.416743140185,98.671736639215
20,3.5,0.041627904694,97.948908241315,95.956141729067,100.207195293816,100.372642809987,100.752803025927,101.147008513071
20,4.0,0.032379030855,98.355269076855,96.672862795859,101.402722279103,101.847030215570,102.503706294110,103.004573562155
20,4.5,0.050028919728,97.581254423824,95.309729995689,99.133638109583,99.052275073028,99.189041405114,99.489662573552
20,5.0,0.056294698782,97.307943727394,94.830449567110,98.340530241916,98.079036489260,98.038985892662,98.271804857791
20,5.5,0.047248875333,97.702764543224,95.523155543959,99.487601522877,99.487236384282,99.703737766799,100.034985081182
20,6.0,0.040697017419,97.989731836138,96.028037633839,100.326874749254,100.520048151623,100.927629995624,101.332396929229
20,6.5,0.045679456164,97.771427488716,95.643851709997,99.687989552887,99.733644621987,99.995510647045,100.344196376602
21,0.0,0.045000000000,97.801169032640,95.696152572390,99.774871248443,99.840516223055,100.122101286160,100.478370241525
21,0.5,0.034185879286,98.275750646499,96.532425553062,101.168035723680,101.557270704062,102.159211963964,102.638937902822
21,1.0,0.033525798915,98.304792973757,96.583706613924,101.253707910522,101.663028516470,102.284925031210,102.772357096073
21,1.5,0.027285047287,98.579799129128,97.069893454360,102.067338066883,102.668483613239,103.481365091818,104.042641642700
21,2.0,0.021626887929,98.829797553843,97.512808356486,102.810734566986,103.588834613996,104.578535863832,105.208325310711
21,2.5,0.018945683592,98.948484383497,97.723395443812,103.164916347789,104.027888455035,105.102611194387,105.765392884159
21,3.0,0.008752898250,99.400982974722,98.528115995140,104.522675676195,105.714360200515,107.119653863823,107.911004752827
21,3.5,0.016113656561,99.074002355641,97.946322336902,103.540363238320,104.493699403908,105.659095730769,106.357097224587
21,4.0,0.021980440636,98.814157733122,97.485073514484,102.764122921556,103.531080563331,104.509630027633,105.135094397841
21,4.5,0.014012060399,99.167249885284,98.112081010589,103.819869558189,104.840742597609,106.074007495327,106.798393677636
21,5.0,0.009881452855,99.350780210985,98.438691348776,104.371456912005,105.526269167318,106.894382243979,107.671249627694
21,5.5,0.013574863764,99.186659264322,98.146599145229,103.878111391213,104.913085693645,106.160531873041,106.890433649183
21,6.0,0.016966424264,99.036190183438,97.879142100037,103.427164961205,104.353213233251,105.491211938371,106.178567830557
21,6.5,0.011252440483,99.289827135375,98.330165924250,104.188051680363,105.298231539002,106.621372451051,107.380728808133
22,0.0,0.045000000000,97.801169032640,95.696152572390,99.774871248443,99.840516223055,100.122101286160,100.478370241525
22,0.5,0.038108145819,98.103354983194,96.228269220220,100.660474453934,100.931155413521,101.415478221393,101.849820877552
22,1.0,0.017596765671,99.008249787510,97.829514016985,103.343572590693,104.249493603033,105.367293113123,106.046802470683
22,1.5,0.016912036375,99.038601340371,97.883425350719,103.434380787963,104.362167423484,105.501911063809,106.189944871452
22,2.0,0.021048490559,98.855388980765,97.558198406917,102.887035420792,103.683388610048,104.691363516575,105.328241337250
22,2.5,0.032258932998,98.360556798988,96.682204636470,101.418340983646,101.866319830669,102.526646440607,103.028924215104
22,3.0,0.053866144788,97.413785281011,95.015927213735,98.647165477787,98.455091742222,98.483100784701,98.741999265543
22,3.5,0.056292259683,97.308049970823,94.830635668385,98.340837723837,98.079413441792,98.039430901795,98.272275933516
22,4.0,0.058470680125,97.213207511740,94.664569388820,98.066605507442,97.743335538888,97.642808123324,97.852473026740
22,4.5,0.035356449866,98.224268782761,96.441551905688,101.016287204231,101.369998023258,101.936665590131,102.402774369742
22,5.0,0.019691457348,98.915457483047,97.664775285266,103.066277269659,103.905576134683,104.956570127357,105.610140826811
22,5.5,0.030643435106,98.431712299592,96.807954306604,101.628673122883,102.126156554730,102.835739167792,103.357054606474
22,6.0,0.031006530597,98.415715074110,96.779676866138,101.581360918598,102.067697477249,102.766184934568,103.283211083274
22,6.5,0.027513629230,98.569712833469,97.052042634322,102.037420502240,102.631478294680,103.437290115923,103.995830245758
23,0.0,0.045000000000,97.801169032640,95.696152572390,99.774871248443,99.840516223055,100.122101286160,100.478370241525
23,0.5,0.054592006535,97.382138624086,94.960452490661,98.555415050959,98.342540160423,98.350144648848,98.601221921258
23,1.0,0.049421579967,97.607787109403,95.356315060231,99.210857352457,99.147132683101,99.301250480628,99.608533660390
23,1.5,0.051457313481,97.518881002536,95.200256930032,98.952267108347,98.829545338099,98.925651793026,99.210667649029
23,2.0,0.041230200840,97.966347263165,95.986851296366,100.258308361833,100.435591955683,100.827456418923,101.226169362103
23,2.5,0.031108053789,98.411242640369,96.771771839606,101.568136195901,102.051358148403,102.746745891649,103.262573817957
23,3.0,0.037503000994,98.129933214137,96.275133221249,100.738614721589,101.027497988961,101.529860912112,101.971160193445
23,3.5,0.055073992097,97.361130341472,94.923634148299,98.494538832701,98.267876323676,98.261961263217,98.507857558105
23,4.0,0.052709126437,97.464251085478,95.104420526707,98.793593876922,98.634769741234,98.695413937884,98.966826064521
23,4.5,0.049316756606,97.612367228850,95.364357679178,99.224191114248,99.163513932216,99.320630320382,99.629064945398
23,5.0,0.051138690629,97.532790795470,95.224665500446,98.992695258930,98.879183979005,98.984342113257,99.272831303673
23,5.5,0.049731237469,97.594258285722,95.332560412250,99.171478835750,99.098757132396,99.244023409147,99.547907904141
23,6.0,0.065701474881,96.899060662928,94.115430211532,97.161891014014,96.636191882184,96.338088435915,96.472242128913
23,6.5,0.052409004877,97.477345792373,95.127388462700,98.831612208299,98.681431401004,98.750563116987,99.025230580540
24,0.0,0.045000000000,97.801169032640,95.696152572390,99.774871248443,99.840516223055,100.122101286160,100.478370241525
24,0.5,0.049026003012,97.625072450963,95.386669427997,99.261185109198,99.208965832628,99.374405457480,99.686036400391
24,1.0,0.050918209231,97.542417288503,95.241559464496,99.020680619345,98.913547923535,99.024975728020,99.315870972185
24,1.5,0.049778114908,97.592210390882,95.328964835379,99.165518906590,99.091435906790,99.235363054558,99.538733403037
24,2.0,0.045950675268,97.759558056821,95.622982712701,99.653330310926,99.691017166350,99.945025290151,100.290689682119
24,2.5,0.039878625078,98.025636076426,96.091289630066,100.432210864809,100.649822270812,101.081587092760,101.495671068124
24,3.0,0.034547386633,98.259848621805,96.504351906804,101.121146603126,101.499397671533,102.090429745721,102.565943656908
24,3.5,0.033160675472,98.320861423010,96.612084432855,101.301129033065,101.721576659300,102.354531458709,102.846234692461
24,4.0,0.026632545076,98.608596802838,97.120867861133,102.152788600038,102.774192558976,103.607286153635,104.176387350021
24,4.5,0.032756815948,98.338637639251,96.643482576859,101.353607275561,101.786376225899,102.431579131717,102.928013747582
24,5.0,0.035553055683,98.215624676008,96.426297410540,100.990822556803,101.338578759058,101.899336186254,102.363163961283
24,5.5,0.047105510456,97.709034833090,95.534174694313,99.505889826903,99.509719750571,99.730354583774,100.063190403352
24,6.0,0.045263891384,97.789616753631,95.675836244316,99.741118494419,99.798994911042,100.072915684787,100.426237008888
24,6.5,0.032871144980,98.333605024758,96.634593006806,101.338748359940,101.768027777993,102.409761578951,102.904856027222
25,0.0,0.045000000000,97.801169032640,95.696152572390,99.774871248443,99.840516223055,100.122101286160,100.478370241525
25,0.5,0.062177667173,97.052027892369,94.382644987076,97.601727665103,97.174133421315,96.971668047349,97.142347912391
25,1.0,0.070235471008,96.702596142038,93.772724216189,96.598916159431,95.948500554460,95.529133226092,95.617043982119
25,1.5,0.074372594608,96.523676254797,93.461105127578,96.088103321150,95.325359885311,94.797082742872,94.843529967560
25,2.0,0.075707121853,96.466032050403,93.360806070127,95.923912894258,95.125232830734,94.562175123331,94.595394722757
25,2.5,0.074533406660,96.516728237671,93.449013269428,96.068303111304,95.301221608825,94.768744334490,94.813593821339
25,3.0,0.061773929449,97.069569413609,94.413309328988,97.652250234074,97.235962355609,97.044532989119,97.219430838324
25,3.5,0.063626505078,96.989105148242,94.272686065734,97.420642166775,96.952586334245,96.710650423104,96.866249807089
25,4.0,0.051214923507,97.529462593887,95.218824999632,98.983021002174,98.867305253528,98.970296763415,99.257954533810
25,4.5,0.044075920679,97.841632881277,95.767329104122,99.893155857127,99.986051966599,100.294532403791,100.661147376587
25,5.0,0.024928205247,98.683856196123,97.254139637588,102.376327792156,103.050828523559,103.936935585226,104.526568331647
25,5.5,0.029875130970,98.465570740661,96.867816150187,101.728858549408,102.249967531654,102.983074232611,103.513485723116
25,6.0,0.039802494039,98.028976741123,96.097175771754,100.442015460816,100.661903201853,101.095921229790,101.510873444955
25,6.5,0.044906589303,97.805258566455,95.703345058729,99.786821618675,99.855217909070,100.139517663768,100.496830738459
26,0.0,0.045000000000,97.801169032640,95.696152572390,99.774871248443,99.840516223055,100.122101286160,100.478370241525
26,0.5,0.046399088239,97.739937204265,95.588489492092,99.596054130209,99.620580919267,99.861614093096,100.202290316129
26,1.0,0.032277816704,98.359725359915,96.680735703079,101.415884999741,101.863286562201,102.523039074544,103.025095022955
26,1.5,0.029789592040,98.469341081327,96.874483141650,101.740018851420,102.263761453293,102.999491148664,103.530917026756
26,2.0,0.020888219789,98.862481398638,97.570779481330,102.908188115980,103.709604566802,104.722649556560,105.361494326047
26,2.5,0.016276016981,99.066802096030,97.933528183093,103.518801492482,104.466937071698,105.627110818561,106.323082783578
26,3.0,0.014364098688,99.151623878247,98.084295235370,103.772996256796,104.782527627486,106.004389189311,106.724340832115
26,3.5,0.025402183171,98.662920750068,97.217058330293,102.314111736546,102.973819812092,103.845151906247,104.429061212528
26,4.0,0.028712622248,98.516823551762,96.958462534279,101.880637690549,102.437594858677,103.206416885493,103.750643188449
26,4.5,0.025334140127,98.665925915435,97.222380757462,102.323040958332,102.984871377080,103.858323015078,104.443053318434
26,5.0,0.012111321706,99.251660977347,98.262239075799,104.073320258142,105.155628880082,106.450705034522,107.199137946372
26,5.5,0.008756999432,99.400800491283,98.527790877744,104.522125743792,105.713676057171,107.118834342111,107.910132484829
26,6.0,0.019982447145,98.902573869042,97.641912111758,103.027815675669,103.857891444041,104.899643604767,105.549627481044
26,6.5,0.030748179730,98.427097204377,96.799796073317,101.615022360173,102.109288966020,102.815669424592,103.335746881057
27,0.0,0.045000000000,97.801169032640,95.696152572390,99.774871248443,99.840516223055,100.122101286160,100.478370241525
27,0.5,0.036444942308,98.176420926353,96.357126903201,100.875385818071,101.196172369165,101.730170579924,102.183672726811
27,1.0,0.027233649418,98.582067228619,97.073907758557,102.074066413882,102.676806328819,103.491278240931,104.053170424671
27,1.5,0.034106513775,98.279242129761,96.538589949139,101.178332732571,101.569980681439,102.174318819187,102.654970264133
27,2.0,0.034068340256,98.280921520529,96.541555063465,101.183285804139,101.576094550993,102.181585787792,102.662682488132
27,2.5,0.034393442915,98.266620000318,96.516305745786,101.141111101336,101.524038121982,102.119714039758,102.597020868057
27,3.0,0.034950373255,98.242125035170,96.473066719739,101.068903373486,101.434923918977,102.013811538402,102.484637131723
27,3.5,0.036518035829,98.173208722978,96.351460315882,100.865931261771,101.184510667771,101.716319607893,102.168977124226
27,4.0,0.058521382477,97.211001171360,94.660707690487,98.060232032673,97.735527383382,97.633596463891,97.842724247039
27,4.5,0.042189233358,97.924299674477,95.912814235805,100.135098000318,100.283863326152,100.647532084412,101.035387607777
27,5.0,0.042850735337,97.895307460081,95.861779737735,100.050201829911,100.179343218542,100.523619798923,100.904010111840
27,5.5,0.032535773452,98.348368371288,96.660671893081,101.382341596400,101.821860475521,102.473774488183,102.972801862342
27,6.0,0.025632861727,98.652733362397,97.199016481792,102.283845887101,102.936361947229,103.800512164363,104.381639746485
27,6.5,0.033374668283,98.311443652125,96.595451651367,101.273333570307,101.687258394009,102.313730383362,102.802929618494
28,0.0,0.045000000000,97.801169032640,95.696152572390,99.774871248443,99.840516223055,100.122101286160,100.478370241525
28,0.5,0.051798156648,97.504003356083,95.174153066067,98.909038066139,98.776473092518,98.862908081721,99.144213228841
28,1.0,0.060312724646,97.133082073154,94.524372805250,97.835322694342,97.460068732002,97.308716103266,97.498936715350
28,1.5,0.044238426630,97.834515811435,95.754808367342,99.872344377379,99.960442803476,100.264187063179,100.628979886588
28,2.0,0.041090359946,97.972479921382,95.997651750108,100.276287046027,100.457735737788,100.853719597156,101.254019127853
28,2.5,0.031182903868,98.407945376051,96.765944108452,101.558387111484,102.039313346786,102.732416473018,103.247361287990
28,3.0,0.029581425404,98.478517145795,96.890709778936,101.767183624703,102.297338119599,103.039454413361,103.573350303198
28,3.5,0.028683621322,98.518102488717,96.960724959712,101.884427031438,102.442280051867,103.211994935662,103.756566672414
28,4.0,0.025146210521,98.674226424578,97.237082402248,102.347706875602,103.015401222048,103.894709508899,104.481708465868
28,4.5,0.020647063383,98.873154184968,97.589713044174,102.940024475223,103.749063951366,104.769743162306,105.411549853551
28,5.0,0.048094694210,97.665779504617,95.458171026155,99.379774116648,99.354695205715,99.546853345119,99.868747130057
28,5.5,0.031287057349,98.403357434315,96.757835435859,101.544822889597,102.022555480875,102.712480579301,103.226196977344
28,6.0,0.034468927802,98.263299658832,96.510444105767,101.131321194552,101.511955141973,102.105353677473,102.581781230811
28,6.5,0.037069018504,98.148998352383,96.308756014787,100.794691205811,101.096648237681,101.611972598487,102.058271006561
29,0.0,0.045000000000,97.801169032640,95.696152572390,99.774871248443,99.840516223055,100.122101286160,100.478370241525
29,0.5,0.062720784268,97.028435642466,94.341410332128,97.533805326158,97.091022978662,96.873737194699,97.038753674650
29,1.0,0.042907855801,97.892804395148,95.857374200545,100.042874494966,100.170323153870,100.512927370742,100.892673975157
29,1.5,0.040059564630,98.017696823158,96.077301567852,100.408912310411,100.621115624604,101.047527731877,101.459549213611
29,2.0,0.048433953590,97.650948677526,95.432118050421,99.336557626185,99.301583311170,99.483998039442,99.802148878246
29,2.5,0.054313007789,97.394301401047,94.981771420804,98.590670839560,98.385785968578,98.401227023455,98.655307857798
29,3.0,0.048462849089,97.649685606074,95.429899387395,99.332877658335,99.297060987251,99.478646394105,99.796478669383
29,3.5,0.048368917373,97.653791581070,95.437111869820,99.344840777284,99.311762648714,99.496044276961,99.814912252077
29,4.0,0.057970507918,97.234975460741,94.702672991783,98.129501508982,97.820396088283,97.733727854545,97.948697204848
29,4.5,0.055178170806,97.356590104549,94.915677928707,98.481385756389,98.251745715941,98.242911559821,98.487689317055
29,5.0,0.064964030475,96.931052899335,94.171288882644,97.253771358021,96.748517703622,96.470327675068,96.612082722291
29,5.5,0.056417104816,97.302612057060,94.821110556147,98.325100532905,98.060121048857,98.016655805599,98.248166945531
29,6.0,0.045786138976,97.766758529244,95.635642440618,99.674355039956,99.716875087855,99.975649333715,100.323146248381
29,6.5,0.042183180927,97.924564979188,95.913281302782,100.135875096903,100.284820148819,100.648666547550,101.036590463683
30,0.0,0.045000000000,97.801169032640,95.696152572390,99.774871248443,99.840516223055,100.122101286160,100.478370241525
30,0.5,0.037914208053,98.111872032570,96.243285784606,100.685510284366,100.962021232539,101.452121344654,101.888691677610
30,1.0,0.032314524789,98.358109143432,96.677880303470,101.411110978513,101.857390447073,102.516027079220,103.017651865986
30,1.5,0.033227051005,98.317940155653,96.606925029180,101.292506708447,101.710930678514,102.341874137870,102.832800466785
30,2.0,0.029002010172,98.504062492044,96.935889642414,101.842833281923,102.390855264174,103.150772846278,103.691554341140
30,2.5,0.034887519006,98.244889191262,96.477945635757,101.077050005809,101.444977210022,102.025757872187,102.497314222199
30,3.0,0.051716498029,97.507567510241,95.180406332787,98.919393063062,98.789185402322,98.877936385645,99.160130081504
30,3.5,0.048460453259,97.649790331239,95.430083342746,99.333182772424,99.297435941371,99.479090106975,99.796948794115
30,4.0,0.052737301740,97.463021849475,95.102264589976,98.790025490402,98.630390316791,98.690238178545,98.961344894267
30,4.5,0.054989067553,97.364831614731,94.930120403798,98.505262291978,98.281027692502,98.277493035643,98.524301484421
30,5.0,0.045097243039,97.796911900019,95.688665575643,99.762432132598,99.825213718185,100.103973676943,100.459156084127
30,5.5,0.046937282409,97.716393066198,95.547106470658,99.527354136513,99.536108918368,99.761596754812,100.096297713715
30,6.0,0.042135556991,97.926652571227,95.916956528287,100.141989943799,100.292349293418,100.657593601166,101.046055726881
30,6.5,0.047369058169,97.697508466664,95.513919164947,99.472273052930,99.468392559388,99.681430502642,100.011346864826
31,0.0,0.045000000000,97.801169032640,95.696152572390,99.774871248443,99.840516223055,100.122101286160,100.478370241525
31,0.5,0.066752039177,96.853502715005,94.035911091050,97.031149980355,96.476402007831,96.150022035767,96.273385643365
31,1.0,0.058390995859,97.216675117026,94.670638786495,98.076622964740,97.755608190655,97.657287054297,97.867796320212
31,1.5,0.074527800971,96.516970427672,93.449434748817,96.068993250121,95.302062931387,94.769732026242,94.814637190546
31,2.0,0.049115543464,97.621159575653,95.379797747563,99.249790953462,99.194966206501,99.357841683352,99.668487896919
31,2.5,0.054687482244,97.377976768727,94.953158073104,98.543353157369,98.327745533972,98.332670092278,98.582720285115
31,3.0,0.040784501813,97.985894527620,96.021278594225,100.315621164566,100.506185670039,100.911186569804,101.314959299745
31,3.5,0.055058199251,97.361818631688,94.924840320014,98.496532912722,98.270321859362,98.264849411380,98.510915310076
31,4.0,0.041099988864,97.972057637319,95.996908032568,100.275048996861,100.456210840790,100.851910988287,101.252101244624
31,4.5,0.030212114183,98.450718773597,96.841555798671,101.684904260395,102.195644405541,102.918425436953,103.444843995512
31,5.0,0.022173522406,98.805617578336,97.469930327074,102.738676460919,103.499553845735,104.472018940482,105.095123794920
31,5.5,0.028083508921,98.544571092789,97.007552887652,101.962871412365,102.539279180619,103.327490327568,103.879218813557
31,6.0,0.024466311316,98.704262170166,97.290289170322,102.436994514262,103.125930374218,104.026459402988,104.621679777123
31,6.5,0.028565660489,98.523304716923,96.969927885684,101.899841590158,102.461339256477,103.234686763196,103.780663947561
32,0.0,0.045000000000,97.801169032640,95.696152572390,99.774871248443,99.840516223055,100.122101286160,100.478370241525
32,0.5,0.045901613806,97.761705039545,95.626757417381,99.659598998573,99.698726770895,99.954155764489,100.300366454066
32,1.0,0.022122955314,98.807854128284,97.473896020248,102.745340137431,103.507809580362,104.481867741374,105.105590370573
32,1.5,0.031420496517,98.397479775988,96.747447774288,101.527447385016,102.001089767299,102.686944953452,103.199088257665
32,2.0,0.023644389471,98.740584223239,97.354649055383,102.545038562023,103.259709086650,104.185959338404,104.791147385383
32,2.5,0.010702571900,99.314269384990,98.373678359073,104.261571674755,105.389631323477,106.730783729737,107.497152300382
32,3.0,0.010744447733,99.312407747539,98.370363945566,104.255970833311,105.382667832053,106.722447343334,107.488281372657
32,3.5,0.014695713681,99.136906656945,98.058128633148,103.728861880162,104.727720089513,105.938852652657,106.654632493830
32,4.0,0.016220619938,99.069258751062,97.937893334351,103.526157805055,104.476067539673,105.638022887782,106.334687181675
32,4.5,0.018845741014,98.952911219863,97.731253917220,103.178142421417,104.044290908839,105.122198286727,105.786216369535
32,5.0,0.038446827585,98.088483070813,96.202050773878,100.616768435447,100.877276184947,101.351519378947,101.781975801178
32,5.5,0.029945594105,98.462465011515,96.862324526208,101.719666124183,102.238606141894,102.969552732010,103.499128868703
32,6.0,0.035268552682,98.228133576984,96.448372561655,101.027673867798,101.384047944593,101.953359108440,102.420488230504
32,6.5,0.045115763937,97.796101108023,95.687239669488,99.760063158039,99.822299475887,100.100521476857,100.455496987371
33,0.0,0.045000000000,97.801169032640,95.696152572390,99.774871248443,99.840516223055,100.122101286160,100.478370241525
33,0.5,0.039417163988,98.045886945973,96.126973452459,100.491655366812,100.723072368955,101.168504148830,101.587854854014
33,1.0,0.044366927594,97.828888381985,95.744908801221,99.855890887576,99.940197189067,100.240198279491,100.603551070076
33,1.5,0.043520756527,97.865950617084,95.810115669252,99.964286620737,100.073590238577,100.398271475519,100.771120198439
33,2.0,0.028357517082,98.532484785522,96.986168697432,101.927046537179,102.494978282674,103.274739282485,103.823197966993
33,2.5,0.031984389523,98.372645589627,96.703563457352,101.454054463118,101.910429841207,102.579107380524,103.084612048309
33,3.0,0.023406477813,98.751100417646,97.373286468013,102.576334278728,103.298465367558,104.232174683190,104.840253864552
33,3.5,0.021180764232,98.849535893918,97.547816294950,102.869581126251,103.661757306559,104.665549946110,105.300805332120
33,4.0,0.028479373001,98.527110282832,96.976660311990,101.911118722766,102.475283213997,103.251288914098,103.798294580663
33,4.5,0.025492768771,98.658920120035,97.209973043274,102.302225501545,102.959108755971,103.827619890958,104.410436540535
33,5.0,0.062852062151,97.022733974856,94.331446127780,97.517394872479,97.070945073069,96.850081400850,97.013730820425
33,5.5,0.052612009639,97.468488229325,95.111852149530,98.805894666034,98.649866597147,98.713256280658,98.985721382721
33,6.0,0.043004022709,97.888590428092,95.849957580842,100.030539563430,100.155139017930,100.494928445479,100.873591641192
33,6.5,0.043429522701,97.869947490907,95.817148899346,99.975980919697,100.087983459132,100.415330153611,100.789204613313
34,0.0,0.045000000000,97.801169032640,95.696152572390,99.774871248443,99.840516223055,100.122101286160,100.478370241525
34,0.5,0.026154384520,98.629705385318,97.158239442917,102.215453647364,102.851727616054,103.699662347100,104.274510099500
34,1.0,0.022321309660,98.799081333439,97.458341127287,102.719203725418,103.475429503126,104.443240324522,105.064540362986
34,1.5,0.017907224718,98.994491334949,97.805080183455,103.302426384508,104.198447682749,105.306314906165,105.981966629772
34,2.0,0.026335134433,98.621725579419,97.144110886540,102.191761000362,102.822411512138,103.664733197470,104.237407437613
34,2.5,0.026481031448,98.615284941504,97.132708151660,102.172640917140,102.798754463959,103.636548034260,104.207468976690
34,3.0,0.029985920559,98.460687629100,96.859181778583,101.714405625273,102.232104532659,102.961815120554,103.490913282390
34,3.5,0.019333488458,98.931308907989,97.692908374095,103.113611772002,103.964267337649,105.026643327030,105.684631970351
34,4.0,0.020976317810,98.858582758384,97.563863685361,102.896560306813,103.695193280900,104.705450983032,105.343214404953
34,4.5,0.019403829540,98.928193893832,97.687379567133,103.104308779225,103.952731818102,105.012870114020,105.669990148175
34,5.0,0.013536236936,99.188374288052,98.149649446184,103.883258714703,104.919479734706,106.168179884589,106.898569414201
34,5.5,0.007819900838,99.442505702395,98.602106377035,104.647858560690,105.870116496481,107.306258094357,108.109629959152
34,6.0,0.007390576066,99.461618479842,98.636172192186,104.705513253297,105.941867283836,107.392237293573,108.201155072600
34,6.5,0.016531040388,99.055493531953,97.913435472740,103.484943118845,104.424914933653,105.576891417579,106.269678106607
35,0.0,0.045000000000,97.801169032640,95.696152572390,99.774871248443,99.840516223055,100.122101286160,100.478370241525
35,0.5,0.036505153727,98.173774838469,96.352458978797,100.867597480575,101.186565842551,101.718760581530,102.171566939193
35,1.0,0.035674735085,98.210275216750,96.416857607542,100.975065735180,101.319138339382,101.876240041653,102.338656979264
35,1.5,0.047319434197,97.699678687365,95.517732794424,99.478601949376,99.476172808765,99.690640639288,100.021106480422
35,2.0,0.065775663831,96.895842739973,94.109812509161,97.152652465997,96.624898958719,96.324795124227,96.458185345387
35,2.5,0.040795625016,97.985406643802,96.020419250233,100.314190419158,100.504423264479,100.909096067683,101.312742414050
35,3.0,0.042438675231,97.913366163368,95.893566748286,100.103076440365,100.244437406954,100.600788311886,100.985826543899
35,3.5,0.047629964995,97.686098939858,95.493870836985,99.439004466183,99.427496723891,99.633020959364,99.960050108591
35,4.0,0.051180437543,97.530968180091,95.221467060731,98.987397290232,98.872678729874,98.976650296274,99.264684150473
35,4.5,0.046569311457,97.732489912475,95.575398689019,99.574320100936,99.593855718826,99.829968884922,100.168753844556
35,5.0,0.052474786472,97.474475502449,95.122353803050,98.823277962095,98.671202024914,98.738472635471,99.012426252337
35,5.5,0.036305568527,98.182546205558,96.367932802339,100.893416131085,101.218412547512,101.756586804359,102.211700150659
35,6.0,0.037143312189,98.145734318833,96.302999278602,100.785089201699,101.084806949488,101.597911018665,102.043353021634
35,6.5,0.050875268090,97.544292262874,95.244850095749,99.026132003698,98.920242090592,99.032891559031,99.324255652721
36,0.0,0.045000000000,97.801169032640,95.696152572390,99.774871248443,99.840516223055,100.122101286160,100.478370241525
36,0.5,0.059052123900,97.187908675418,94.620293708691,97.993541032178,97.653831438874,97.537224374854,97.740736213453
36,1.0,0.058650278677,97.205392408679,94.650891138405,98.044031188470,97.715680249169,97.610182481490,97.817945279285
36,1.5,0.050821555977,97.546637589737,95.248966279483,99.032951192294,98.928616012697,99.042793841548,99.334744499017
36,2.0,0.046790739632,97.722803245161,95.558372715762,99.546055431926,99.559102230838,99.788819880747,100.125146564257
36,2.5,0.028964475347,98.505717561598,96.938817144328,101.847735870125,102.396916358293,103.157988371668,103.699216454170
36,3.0,0.050631480654,97.554937637313,95.263533974889,99.057086616942,98.958255281405,99.077844008786,99.371871388293
36,3.5,0.056529135732,97.297732554397,94.812563924536,98.310980792936,98.042812138628,97.996222995502,98.226537719713
36,4.0,0.057024001328,97.276181627971,94.774820758235,98.248635312307,97.966392077894,97.906019075884,98.131055345026
36,4.5,0.072054758648,96.623875842368,93.635562875627,96.373949760142,95.673966132944,95.206502744414,95.276094589317
36,5.0,0.049664858633,97.597158195038,95.337652010423,99.179918764621,99.109124990936,99.256287870529,99.560900564288
36,5.5,0.073070663047,96.579945699665,93.559058227742,96.248557765078,95.521012700796,95.026831123456,95.086251987899
36,6.0,0.084981142097,96.066395344678,92.666765305947,94.790728550677,93.746277223294,92.946183804119,92.889437482412
36,6.5,0.081075181714,96.234509049225,92.958444917951,95.266332039850,94.324552417098,93.623303810671,93.604034469071
37,0.0,0.045000000000,97.801169032640,95.696152572390,99.774871248443,99.840516223055,100.122101286160,100.478370241525
37,0.5,0.044263935174,97.833398692639,95.752843137078,99.869078000037,99.956423542680,100.259424614523,100.623931521114
37,1.0,0.036030000837,98.194658137919,96.389301626211,100.929074993548,101.262400149297,101.808837297045,102.267138865643
37,1.5,0.033112014621,98.323003100972,96.615867040423,101.307450654537,101.729382101355,102.363811742874,102.856084664325
37,2.0,0.041180428407,97.968529966358,95.990695274797,100.264706994582,100.443472841704,100.836803253008,101.236080797581
37,2.5,0.039275718155,98.052095026633,96.137913816519,100.509883271941,100.745535674387,101.195161106606,101.616128063951
37,3.0,0.040137892264,98.014260168054,96.071246852203,100.398828205299,100.608691280317,101.032787298286,101.443916392739
37,3.5,0.028855470195,98.510524218528,96.947319424707,101.861974866229,102.414520497899,103.178945969194,103.721471359008
37,4.0,0.045594068896,97.775164612112,95.650422789597,99.698903766449,99.747068768415,100.011410255306,100.361047854049
37,4.5,0.042046789837,97.930543792246,95.923807226409,100.153388531745,100.306384546254,100.674235076374,101.063700649868
37,5.0,0.046774041210,97.723533706175,95.559656578917,99.548186654150,99.561722642472,99.791922416746,100.128434409822
37,5.5,0.056899888789,97.281586162600,94.784285351412,98.264267826849,97.985552559389,97.928634242782,98.154993373978
37,6.0,0.041867799574,97.938390528099,95.937622475471,100.176376662576,100.334691346607,100.707799576414,101.099289568241
37,6.5,0.051360448052,97.523109547892,95.207676786137,98.964556014640,98.844633432402,98.943490617697,99.229561948061
38,0.0,0.045000000000,97.801169032640,95.696152572390,99.774871248443,99.840516223055,100.122101286160,100.478370241525
38,0.5,0.035548322891,98.215832752260,96.426664595903,100.991435477952,101.339334982427,101.900234633048,102.364117296974
38,1.0,0.039093998349,98.060071315415,96.151971065636,100.533306135487,100.774402467517,101.229418709575,101.652463430691
38,1.5,0.049449721108,97.606557555753,95.354156034265,99.207278046639,99.142735402043,99.296048382409,99.603022523580
38,2.0,0.024371241635,98.708462769379,97.297731343533,102.449485806419,103.141395191830,104.044895537219,104.641267228371
38,2.5,0.032485516442,98.350580919562,96.664580543871,101.388875884938,101.829930060044,102.483370665717,102.982987850148
38,3.0,0.034525327802,98.260818874387,96.506064699865,101.124007101763,101.502928065337,102.094625407646,102.570396162592
38,3.5,0.026751168860,98.603360809493,97.111598810866,102.137248453808,102.754966607598,103.584382222388,104.152059439744
38,4.0,0.018922920384,98.949492635011,97.725185256653,103.167928605234,104.031624093163,105.107072077079,105.770135329449
38,4.5,0.021387697372,98.840379833867,97.531576405048,102.842281086533,103.627925831686,104.625179484472,105.257898341525
38,5.0,0.012098663748,99.252223353320,98.263239822533,104.075010209755,105.157729090263,106.453218247591,107.201811885776
38,5.5,0.010527022380,99.322074016902,98.387574072900,104.285054523610,105.418828384027,106.765738336587,107.534348712668
38,6.0,0.014014047000,99.167161698639,98.111924189506,103.819604985485,104.840413989980,106.073614497861,106.797975638654
38,6.5,0.027062624912,98.589614621408,97.087266402396,102.096457973021,102.704504807346,103.524270899774,104.088212462339
39,0.0,0.045000000000,97.801169032640,95.696152572390,99.774871248443,99.840516223055,100.122101286160,100.478370241525
39,0.5,0.031573752723,98.390729660353,96.735518818029,101.507495160402,101.976441861860,102.657625079213,103.167962676927
39,1.0,0.046687136311,97.727335389445,95.566338566366,99.559279085946,99.575361389944,99.808070786720,100.145547397900
39,1.5,0.057866976339,97.239481857993,94.710562043385,98.142525572745,97.836354732296,97.752558367705,97.968627017433
39,2.0,0.040203378302,98.011387035373,96.066185083016,100.390398148029,100.598305072577,101.020465212890,101.430848434777
39,2.5,0.030003910885,98.459894718486,96.857779777534,101.712058914804,102.229204188522,102.958363431210,103.487248384373
39,3.0,0.035106279645,98.235269038908,96.460965911062,101.048698985343,101.409991685447,101.984185538913,102.453199305446
39,3.5,0.039683953072,98.034178599464,96.106341594084,100.457283782654,100.680716937978,101.118244568662,101.534549205446
39,4.0,0.034828692958,98.247476268670,96.482512095501,101.084675139436,101.454387126121,102.036939891597,102.509180327998
39,4.5,0.023939798494,98.727528083261,97.331512405518,102.506192899085,103.211606992508,104.128604170908,104.730206065048
39,5.0,0.034974458317,98.241065861362,96.471197237807,101.065781849186,101.431071876790,102.009234214600,102.479779837442
39,5.5,0.055178721515,97.356566104540,94.915635872362,98.481316231407,98.251660453598,98.242810869486,98.487582715145
39,6.0,0.044324161611,97.830761192339,95.748203329638,99.861366414625,99.946934601303,100.248181252912,100.612013215226
39,6.5,0.030631260359,98.432248738446,96.808902604404,101.630259907868,102.128117303732,102.838072188543,103.359531553907
40,0.0,0.045000000000,97.801169032640,95.696152572390,99.774871248443,99.840516223055,100.122101286160,100.478370241525
40,0.5,0.046932793333,97.716589424331,95.547451572219,99.527926964442,99.536813197016,99.762430573303,100.097181319420
40,1.0,0.058447274948,97.214226017626,94.666352075906,98.069547767052,97.746940147651,97.647060703196,97.856973588264
40,1.5,0.062257972928,97.048539160897,94.376546860727,97.591681592829,97.161840071695,96.957181498885,97.127023194996
40,2.0,0.050187942086,97.574308449198,95.297536189737,99.113429523421,99.027453388810,99.159682755666,99.458562224077
40,2.5,0.045852452662,97.763856431743,95.630539940859,99.665880823335,99.706452649267,99.963305649572,100.310063852692
40,3.0,0.040375966333,98.003815316227,96.052846100633,100.368184220412,100.570937524808,100.987997832471,101.396416229385
40,3.5,0.032902076168,98.332243518567,96.632188115490,101.334728728524,101.763064270119,102.403859761882,102.898591736613
40,4.0,0.031740360590,98.383392000876,96.722552281320,101.485809204973,101.949653520701,102.625760616177,103.134136415727
40,4.5,0.038826387508,98.071818829755,96.172676306361,100.567810030639,100.816928687190,101.279890082483,101.705997329924
40,5.0,0.040562441286,97.995635012535,96.038435907602,100.344188491821,100.541376436339,100.952930083513,101.359227054309
40,5.5,0.048631310035,97.642322216580,95.416965594480,99.311426170558,99.270699989500,99.447452156563,99.763427928389
40,6.0,0.025108115495,98.675909097729,97.240062829165,102.352707613246,103.021591021062,103.902086974876,104.489546009521
40,6.5,0.038259138801,98.096724426275,96.216579484598,100.640986820089,100.907131054627,101.386958615180,101.819568052512
